record_id,wall_r_value_level,wall_r_value,roof_r_value_level,roof_r_value,hvac_heating_cop_level,hvac_heating_cop,hvac_cooling_cop_level,hvac_cooling_cop,hvac_note_level,insulation_note_level,inspection_note,text_hvac_raw,text_insulation_raw,structured_hvac_raw,structured_insulation_raw,text_hvac_z,text_insulation_z,structured_hvac_z,structured_insulation_z,kappa_hvac,kappa_insulation,kappa,experiment,varied_channel,efficiency_level
ablation_text_hvac_1,3,13.0,3,30.0,3,0.9,3,3.0,1,3,"Walls appear to be adequately insulated based on construction year, though no upgrades were observed. The home has an aging central HVAC system showing substantial exterior corrosion and poor operating efficiency.",1.0,0.3,3.0,3.0,2.1974820554961125,-0.17676024700409954,0.0,0.0,1.0987410277480563,-0.08838012350204977,0.5051804521230032,ablation,text_hvac,1
ablation_text_hvac_2,3,13.0,3,30.0,3,0.9,3,3.0,2,3,"Walls appear to be adequately insulated based on construction year, though no upgrades were observed. The HVAC system appears to be in working condition but is an older standard-efficiency model.",0.6,0.3,3.0,3.0,0.859186041186665,-0.17676024700409954,0.0,0.0,0.4295930205933325,-0.08838012350204977,0.17060644854564136,ablation,text_hvac,2
ablation_text_hvac_3,3,13.0,3,30.0,3,0.9,3,3.0,3,3,"Walls appear to be adequately insulated based on construction year, though no upgrades were observed. The home has a functioning central HVAC system of moderate age and efficiency, with no major defects observed but no recent high-efficiency upgrades.",0.5,0.3,3.0,3.0,0.5246120376093033,-0.17676024700409954,0.0,0.0,0.26230601880465165,-0.08838012350204977,0.08696294765130094,ablation,text_hvac,3
ablation_text_hvac_4,3,13.0,3,30.0,3,0.9,3,3.0,4,3,"Walls appear to be adequately insulated based on construction year, though no upgrades were observed. The HVAC system was recently replaced with a standard high-efficiency model and is expected to operate efficiently.",0.0,0.3,3.0,3.0,-1.1482579802775057,-0.17676024700409954,0.0,0.0,-0.5741289901387528,-0.08838012350204977,-0.3312545568204013,ablation,text_hvac,4
ablation_text_hvac_5,3,13.0,3,30.0,3,0.9,3,3.0,5,3,"Walls appear to be adequately insulated based on construction year, though no upgrades were observed. A state-of-the-art HVAC system with smart thermostats and variable-speed compressors was recently installed, maximizing energy efficiency.",0.0,0.3,3.0,3.0,-1.1482579802775057,-0.17676024700409954,0.0,0.0,-0.5741289901387528,-0.08838012350204977,-0.3312545568204013,ablation,text_hvac,5
ablation_text_insulation_1,3,13.0,3,30.0,3,0.9,3,3.0,3,1,"Attic insulation is minimal, with exposed joists visible throughout, causing significant heat loss. The home has a functioning central HVAC system of moderate age and efficiency, with no major defects observed but no recent high-efficiency upgrades.",0.5,1.0,3.0,3.0,0.5246120376093033,1.8799580525781756,0.0,0.0,0.26230601880465165,0.9399790262890878,0.6011425225468697,ablation,text_insulation,1
ablation_text_insulation_2,3,13.0,3,30.0,3,0.9,3,3.0,3,2,"No signs of added insulation were observed in the basement ceiling, suggesting potential energy inefficiency. The home has a functioning central HVAC system of moderate age and efficiency, with no major defects observed but no recent high-efficiency upgrades.",0.5,1.0,3.0,3.0,0.5246120376093033,1.8799580525781756,0.0,0.0,0.26230601880465165,0.9399790262890878,0.6011425225468697,ablation,text_insulation,2
ablation_text_insulation_3,3,13.0,3,30.0,3,0.9,3,3.0,3,3,"Walls appear to be adequately insulated based on construction year, though no upgrades were observed. The home has a functioning central HVAC system of moderate age and efficiency, with no major defects observed but no recent high-efficiency upgrades.",0.5,0.3,3.0,3.0,0.5246120376093033,-0.17676024700409954,0.0,0.0,0.26230601880465165,-0.08838012350204977,0.08696294765130094,ablation,text_insulation,3
ablation_text_insulation_4,3,13.0,3,30.0,3,0.9,3,3.0,3,4,"Blown-in insulation is present in the attic to a depth of approximately 10 inches, providing good thermal resistance. The home has a functioning central HVAC system of moderate age and efficiency, with no major defects observed but no recent high-efficiency upgrades.",0.5,0.2,3.0,3.0,0.5246120376093033,-0.4705771469444245,0.0,0.0,0.26230601880465165,-0.23528857347221224,0.013508722666219705,ablation,text_insulation,4
ablation_text_insulation_5,3,13.0,3,30.0,3,0.9,3,3.0,3,5,"High-performance spray foam insulation was installed throughout the walls, attic, and basement, providing maximum energy efficiency. The home has a functioning central HVAC system of moderate age and efficiency, with no major defects observed but no recent high-efficiency upgrades.",0.5,0.0,3.0,3.0,0.5246120376093033,-1.0582109468250747,0.0,0.0,0.26230601880465165,-0.5291054734125373,-0.13339972730394284,ablation,text_insulation,5
ablation_structured_hvac_1,3,13.0,3,30.0,1,0.7,1,1.0,3,3,"Walls appear to be adequately insulated based on construction year, though no upgrades were observed. The home has a functioning central HVAC system of moderate age and efficiency, with no major defects observed but no recent high-efficiency upgrades.",0.5,0.3,5.0,3.0,0.5246120376093033,-0.17676024700409954,2.0,0.0,1.2623060188046518,-0.08838012350204977,0.586962947651301,ablation,structured_hvac,1
ablation_structured_hvac_2,3,13.0,3,30.0,2,0.8,2,2.0,3,3,"Walls appear to be adequately insulated based on construction year, though no upgrades were observed. The home has a functioning central HVAC system of moderate age and efficiency, with no major defects observed but no recent high-efficiency upgrades.",0.5,0.3,4.0,3.0,0.5246120376093033,-0.17676024700409954,1.0,0.0,0.7623060188046517,-0.08838012350204977,0.33696294765130097,ablation,structured_hvac,2
ablation_structured_hvac_3,3,13.0,3,30.0,3,0.9,3,3.0,3,3,"Walls appear to be adequately insulated based on construction year, though no upgrades were observed. The home has a functioning central HVAC system of moderate age and efficiency, with no major defects observed but no recent high-efficiency upgrades.",0.5,0.3,3.0,3.0,0.5246120376093033,-0.17676024700409954,0.0,0.0,0.26230601880465165,-0.08838012350204977,0.08696294765130094,ablation,structured_hvac,3
ablation_structured_hvac_4,3,13.0,3,30.0,4,0.95,4,3.5,3,3,"Walls appear to be adequately insulated based on construction year, though no upgrades were observed. The home has a functioning central HVAC system of moderate age and efficiency, with no major defects observed but no recent high-efficiency upgrades.",0.5,0.3,2.0,3.0,0.5246120376093033,-0.17676024700409954,-1.0,0.0,-0.23769398119534835,-0.08838012350204977,-0.16303705234869906,ablation,structured_hvac,4
ablation_structured_hvac_5,3,13.0,3,30.0,5,1.0,5,4.0,3,3,"Walls appear to be adequately insulated based on construction year, though no upgrades were observed. The home has a functioning central HVAC system of moderate age and efficiency, with no major defects observed but no recent high-efficiency upgrades.",0.5,0.3,1.0,3.0,0.5246120376093033,-0.17676024700409954,-2.0,0.0,-0.7376939811953483,-0.08838012350204977,-0.41303705234869903,ablation,structured_hvac,5
ablation_structured_insulation_1,1,4.0,1,10.0,3,0.9,3,3.0,3,3,"Walls appear to be adequately insulated based on construction year, though no upgrades were observed. The home has a functioning central HVAC system of moderate age and efficiency, with no major defects observed but no recent high-efficiency upgrades.",0.5,0.3,3.0,5.0,0.5246120376093033,-0.17676024700409954,0.0,2.0,0.26230601880465165,0.9116198764979502,0.586962947651301,ablation,structured_insulation,1
ablation_structured_insulation_2,2,7.0,2,20.0,3,0.9,3,3.0,3,3,"Walls appear to be adequately insulated based on construction year, though no upgrades were observed. The home has a functioning central HVAC system of moderate age and efficiency, with no major defects observed but no recent high-efficiency upgrades.",0.5,0.3,3.0,4.0,0.5246120376093033,-0.17676024700409954,0.0,1.0,0.26230601880465165,0.41161987649795023,0.33696294765130097,ablation,structured_insulation,2
ablation_structured_insulation_3,3,13.0,3,30.0,3,0.9,3,3.0,3,3,"Walls appear to be adequately insulated based on construction year, though no upgrades were observed. The home has a functioning central HVAC system of moderate age and efficiency, with no major defects observed but no recent high-efficiency upgrades.",0.5,0.3,3.0,3.0,0.5246120376093033,-0.17676024700409954,0.0,0.0,0.26230601880465165,-0.08838012350204977,0.08696294765130094,ablation,structured_insulation,3
ablation_structured_insulation_4,4,20.0,4,40.0,3,0.9,3,3.0,3,3,"Walls appear to be adequately insulated based on construction year, though no upgrades were observed. The home has a functioning central HVAC system of moderate age and efficiency, with no major defects observed but no recent high-efficiency upgrades.",0.5,0.3,3.0,2.0,0.5246120376093033,-0.17676024700409954,0.0,-1.0,0.26230601880465165,-0.5883801235020498,-0.16303705234869906,ablation,structured_insulation,4
ablation_structured_insulation_5,5,30.0,5,50.0,3,0.9,3,3.0,3,3,"Walls appear to be adequately insulated based on construction year, though no upgrades were observed. The home has a functioning central HVAC system of moderate age and efficiency, with no major defects observed but no recent high-efficiency upgrades.",0.5,0.3,3.0,1.0,0.5246120376093033,-0.17676024700409954,0.0,-2.0,0.26230601880465165,-1.0883801235020498,-0.41303705234869903,ablation,structured_insulation,5
